,DummyClassifier,RandomForest_default
fit_time,0.07397732734680176,2.8371658325195312
score_time,0.05704531669616699,0.3034665584564209
test_accuracy,0.7591904454179904,0.8272780558708703
test_precision,0.0,0.6671380165492875
test_recall,0.0,0.5643418074686852
test_f1,0.0,0.6114352037195574
test_roc_auc,0.5,0.874087401324301
