,DummyClassifier,RandomForest_default
fit_time,0.04807944297790527,1.9104601860046386
score_time,0.019196319580078124,0.13120083808898925
test_accuracy,0.7591904454179904,0.8272780558708703
test_precision,0.0,0.6671380165492875
test_recall,0.0,0.5643418074686852
test_f1,0.0,0.6114352037195574
