,precision,recall,f1-score,support
<=50K,0.8650247762739443,0.9405709690390028,0.9012174449067654,12435.0
>50K,0.7322463768115942,0.5254810192407696,0.6118679987889798,3846.0
accuracy,0.8425158159818193,0.8425158159818193,0.8425158159818193,0.8425158159818193
macro avg,0.7986355765427693,0.7330259941398862,0.7565427218478726,16281.0
weighted avg,0.833659029432092,0.8425158159818193,0.8328655027798074,16281.0
