,precision,recall,f1-score,support
negative (0),0.92616899097621,0.8171290711700845,0.8682389130992053,12435.0
positive (1),0.5717514124293785,0.7893915756630265,0.6631716906946266,3846.0
accuracy,0.810576745900129,0.810576745900129,0.810576745900129,0.810576745900129
macro avg,0.7489602017027943,0.8032603234165555,0.765705301896916,16281.0
weighted avg,0.8424462462374891,0.810576745900129,0.8197966468153156,16281.0
