,Accuracy,Precision,Recall,F1 Score,AP Score,AUC Score
Train Data,0.862289241730905,0.7930853850183343,0.5792628491263869,0.6695165094339623,0.8005350316697278,0.9301133000793688
Test Data,0.8425158159818193,0.7322463768115942,0.5254810192407696,0.6118679987889798,0.7122631138989941,0.8920576806988645
Train Data w/ best threshold,0.8551027302601272,0.6594180704441042,0.823746971049611,0.7324790201859832,0.5856370520837743,0.8443977573694657
Test Data w/ best threshold,0.8229838462010933,0.6000830564784053,0.7514300572022881,0.6672823828215192,0.5096391973751073,0.7982723265504805
