,Accuracy,Precision,Recall,F1_Score,AP_Score,AUC_Score
Train Data,0.8684929824022604,0.660387561964849,0.9344471368447902,0.7738698774820448,0.8635866886138649,0.9558312608935935
Test Data,0.810576745900129,0.5717514124293785,0.7893915756630265,0.6631716906946266,0.709843541890844,0.8909688257252848
Train Data w/ best threshold,0.8840944688430945,0.7106598984771574,0.8748884070909323,0.7842688921916086,0.6518761738818837,0.8809514850988643
Test Data w/ best threshold,0.8276518641361096,0.6158645276292335,0.71866874674987,0.6633069354451645,0.5090604225243652,0.7900139069495229
