,Accuracy,Precision,Recall,F1 Score
Train Data,0.8684929824022604,0.660387561964849,0.9344471368447902,0.7738698774820448
Test Data,0.810576745900129,0.5717514124293785,0.7893915756630265,0.6631716906946266
Train Data w/ best threshold,0.8840944688430945,0.7106598984771574,0.8748884070909323,0.7842688921916086
Test Data w/ best threshold,0.8276518641361096,0.6158645276292335,0.71866874674987,0.6633069354451645
